Model,Train Accuracy,Test Accuracy,Train Precision,Test Precision,Train Recall,Test Recall,Train F1,Test F1,Training Time (seconds)
MultinomialNB,0.896716813440252,0.898175,0.867858840547982,0.8690442254477732,0.896716813440252,0.898175,0.8811016231561641,0.8824917697874902,0.21208786964416504
BernoulliNB,0.8705663231185585,0.873325,0.8534352616267338,0.8565882209640243,0.8705663231185585,0.873325,0.8608361164708999,0.8637565543359051,0.942002534866333
ComplementNB,0.8463283686569123,0.846775,0.8464106068003485,0.8464147649491887,0.8463283686569123,0.846775,0.8352626198561063,0.8356205239806359,0.14799928665161133
Linear-SVM,0.8994293643005806,0.90035,0.8685795239168242,0.8693689233719096,0.8994293643005806,0.90035,0.8833624213659228,0.8842389952516388,2.330024003982544
LogisticReg,0.900329381175897,0.901425,0.8768024898539314,0.894682632039078,0.900329381175897,0.901425,0.8842937823097908,0.8853781819069513,5.464080333709717
