Model,Train Accuracy,Test Accuracy,Train Precision,Test Precision,Train Recall,Test Recall,Train F1,Test F1,Training Time (seconds)
MultinomialNB,0.8968371695083807,0.8978,0.8679722364788022,0.8687996615435033,0.8968371695083807,0.8978,0.881219791610101,0.8821408796016089,0.23482799530029297
BernoulliNB,0.8709589604271182,0.87325,0.8540736374971418,0.8551299727436604,0.8709589604271182,0.87325,0.8613648843946483,0.8629954826240311,2.3423147201538086
ComplementNB,0.8462752156980394,0.8475,0.8463885065952712,0.8478803125549567,0.8462752156980394,0.8475,0.8351885248603935,0.836383157276408,0.4634134769439697
Linear-SVM,0.8995983266387774,0.89915,0.8687467807751832,0.8681695907883284,0.8995983266387774,0.89915,0.8835294980495327,0.8830521518924086,6.5080578327178955
LogisticReg,0.9004761190464285,0.8998,0.8780493896723104,0.9052171618929198,0.9004761190464285,0.8998,0.8844423143761602,0.8837689154901939,29.68666911125183
